airline,date_of_journey,source,destination,dep_time,arrival_time,duration,total_stops,additional_info,price
Goair,2019-03-24,Banglore,New Delhi,11:40:00,14:35:00,175,0.0,No Info,4340
Jet Airways,2019-03-21,Delhi,Cochin,22:00:00,18:50:00,1250,1.0,In-flight meal not included,6017
Jet Airways,2019-06-12,Mumbai,Hyderabad,07:05:00,08:30:00,85,0.0,No Info,8040
Spicejet,2019-05-15,Kolkata,Banglore,09:00:00,11:25:00,145,0.0,No check-in baggage included,3841
Indigo,2019-05-27,Banglore,Delhi,21:15:00,00:15:00,180,0.0,No Info,3943
Multiple Carriers,2019-06-06,Delhi,Cochin,12:50:00,21:00:00,490,1.0,No Info,7005
Air Asia,2019-06-03,Banglore,Delhi,11:10:00,13:55:00,165,0.0,No Info,4483
Vistara,2019-03-06,Mumbai,Hyderabad,14:40:00,09:25:00,1125,1.0,No Info,12395
Air Asia,2019-03-27,Delhi,Cochin,07:55:00,13:10:00,315,1.0,No Info,6151
Jet Airways,2019-03-06,Banglore,New Delhi,22:50:00,21:20:00,1350,1.0,No Info,17471
Air Asia,2019-06-03,Delhi,Cochin,20:45:00,06:35:00,590,1.0,No Info,11410
Air India,2019-05-18,Delhi,Cochin,10:55:00,19:15:00,500,2.0,No Info,13486
Vistara,2019-04-24,Delhi,Cochin,06:00:00,09:10:00,190,0.0,No Info,6216
Jet Airways,2019-03-03,Delhi,Cochin,21:50:00,18:50:00,1260,1.0,No Info,17024
Jet Airways,2019-04-01,Kolkata,Banglore,16:30:00,23:35:00,425,1.0,No Info,12681
Spicejet,2019-06-21,Chennai,Kolkata,17:45:00,20:05:00,140,0.0,No check-in baggage included,3543
Indigo,2019-06-09,Kolkata,Banglore,14:25:00,16:55:00,150,0.0,No Info,5644
Indigo,2019-04-06,Banglore,Delhi,20:00:00,22:50:00,170,0.0,No Info,4823
Indigo,2019-05-15,Kolkata,Banglore,22:15:00,00:50:00,155,0.0,No Info,4804
Multiple Carriers,2019-05-15,Delhi,Cochin,11:30:00,01:30:00,840,1.0,No Info,13727
Indigo,2019-03-06,Mumbai,Hyderabad,06:20:00,07:45:00,85,0.0,No Info,4784
Spicejet,2019-04-01,Banglore,Delhi,05:55:00,08:35:00,160,0.0,No Info,3971
Indigo,2019-03-06,Chennai,Kolkata,22:05:00,00:25:00,140,0.0,No Info,5277
Air Asia,2019-06-06,Kolkata,Banglore,15:10:00,23:30:00,500,2.0,No Info,6810
Air India,2019-05-24,Banglore,Delhi,17:00:00,19:45:00,165,0.0,No Info,7171
Indigo,2019-05-12,Banglore,Delhi,01:30:00,04:15:00,165,0.0,No Info,3943
Multiple Carriers,2019-03-21,Delhi,Cochin,14:35:00,22:20:00,465,1.0,In-flight meal not included,5999
Air India,2019-04-01,Kolkata,Banglore,09:50:00,21:05:00,675,1.0,No Info,8030
Indigo,2019-03-01,Banglore,New Delhi,19:35:00,00:35:00,300,1.0,No Info,22153
Multiple Carriers,2019-06-24,Delhi,Cochin,19:00:00,01:30:00,390,1.0,No Info,7198
Indigo,2019-05-15,Delhi,Cochin,02:00:00,07:25:00,325,1.0,No Info,8618
Air Asia,2019-04-03,Banglore,Delhi,04:55:00,07:45:00,170,0.0,No Info,4282
Indigo,2019-04-27,Kolkata,Banglore,17:15:00,19:50:00,155,0.0,No Info,4804
Jet Airways,2019-06-03,Delhi,Cochin,10:00:00,12:35:00,1595,1.0,In-flight meal not included,10262
Jet Airways,2019-05-03,Banglore,Delhi,15:15:00,18:10:00,175,0.0,In-flight meal not included,4544
Spicejet,2019-04-27,Kolkata,Banglore,17:10:00,19:40:00,150,0.0,No check-in baggage included,3841
Jet Airways,2019-06-06,Delhi,Cochin,20:55:00,04:25:00,450,1.0,No Info,14714
Spicejet,2019-03-24,Kolkata,Banglore,06:55:00,09:35:00,160,0.0,No check-in baggage included,4781
Jet Airways,2019-03-06,Delhi,Cochin,23:05:00,04:25:00,320,1.0,No Info,15764
Jet Airways,2019-05-18,Delhi,Cochin,05:30:00,12:35:00,425,2.0,No Info,16274
Air India,2019-05-09,Delhi,Cochin,09:45:00,23:00:00,795,1.0,No Info,7174
Jet Airways,2019-06-09,Kolkata,Banglore,18:55:00,12:00:00,1025,1.0,No Info,14571
Jet Airways,2019-06-15,Delhi,Cochin,19:45:00,19:00:00,1395,1.0,In-flight meal not included,10262
Multiple Carriers,2019-06-03,Delhi,Cochin,08:30:00,19:00:00,630,1.0,No Info,11200
Jet Airways,2019-06-06,Kolkata,Banglore,20:00:00,12:00:00,960,1.0,In-flight meal not included,10844
Indigo,2019-04-21,Delhi,Cochin,05:10:00,10:05:00,295,1.0,No Info,7074
Air India,2019-06-01,Mumbai,Hyderabad,21:05:00,22:25:00,80,0.0,No Info,3100
Jet Airways,2019-03-06,Delhi,Cochin,09:55:00,18:50:00,535,1.0,No Info,17024
Jet Airways,2019-05-24,Kolkata,Banglore,17:00:00,23:35:00,395,1.0,No Info,14151
Spicejet,2019-06-06,Delhi,Cochin,08:45:00,13:15:00,270,1.0,No check-in baggage included,5158
Jet Airways,2019-03-24,Kolkata,Banglore,08:25:00,22:35:00,850,1.0,No Info,13759
Jet Airways,2019-03-21,Delhi,Cochin,17:30:00,18:50:00,1520,1.0,In-flight meal not included,5963
Multiple Carriers,2019-05-15,Delhi,Cochin,08:30:00,19:15:00,645,1.0,No Info,8099
Jet Airways,2019-03-15,Banglore,New Delhi,07:00:00,12:15:00,315,1.0,No Info,17524
Air India,2019-05-15,Delhi,Cochin,10:00:00,19:15:00,555,1.0,No Info,8372
Jet Airways,2019-03-27,Delhi,Cochin,19:10:00,19:45:00,1475,2.0,No Info,10929
Jet Airways,2019-06-18,Banglore,Delhi,08:20:00,11:20:00,180,0.0,In-flight meal not included,5769
Multiple Carriers,2019-03-03,Delhi,Cochin,12:50:00,01:35:00,765,1.0,No Info,18192
Air India,2019-03-09,Banglore,New Delhi,13:20:00,16:10:00,170,0.0,No Info,8851
Jet Airways,2019-05-18,Kolkata,Banglore,16:30:00,16:20:00,1430,1.0,In-flight meal not included,10844
Jet Airways,2019-06-27,Mumbai,Hyderabad,08:45:00,10:15:00,90,0.0,No Info,8040
Spicejet,2019-04-06,Kolkata,Banglore,06:55:00,09:30:00,155,0.0,No check-in baggage included,3841
Air India,2019-04-03,Delhi,Cochin,12:30:00,09:25:00,1255,1.0,No Info,5117
Multiple Carriers,2019-06-12,Delhi,Cochin,03:50:00,12:35:00,525,1.0,No Info,12192
Jet Airways,2019-04-01,Kolkata,Banglore,16:30:00,18:15:00,1545,1.0,In-flight meal not included,7064
Jet Airways,2019-03-06,Banglore,New Delhi,14:05:00,20:20:00,375,1.0,No Info,19225
Goair,2019-04-09,Banglore,Delhi,20:55:00,23:40:00,165,0.0,No Info,4239
Spicejet,2019-03-27,Delhi,Cochin,08:45:00,13:15:00,270,1.0,No Info,4466
Air India,2019-03-09,Delhi,Cochin,18:30:00,19:15:00,1485,2.0,No Info,18211
Jet Airways,2019-05-15,Kolkata,Banglore,18:55:00,20:45:00,1550,1.0,In-flight meal not included,10844
Spicejet,2019-05-27,Kolkata,Banglore,17:10:00,19:40:00,150,0.0,No Info,3873
Indigo,2019-04-21,Delhi,Cochin,06:50:00,12:10:00,320,1.0,No Info,6968
Jet Airways,2019-06-03,Delhi,Cochin,16:00:00,04:25:00,745,1.0,No Info,14714
Air India,2019-06-27,Delhi,Cochin,05:15:00,07:40:00,1585,3.0,No Info,11543
Indigo,2019-04-27,Banglore,Delhi,18:25:00,21:20:00,175,0.0,No Info,4823
Jet Airways,2019-05-03,Banglore,Delhi,17:45:00,20:45:00,180,0.0,No Info,7229
Multiple Carriers,2019-05-09,Delhi,Cochin,07:30:00,21:00:00,810,1.0,No Info,7670
Jet Airways,2019-06-06,Delhi,Cochin,18:25:00,04:25:00,600,2.0,In-flight meal not included,12142
Jet Airways,2019-06-12,Kolkata,Banglore,21:10:00,09:20:00,730,1.0,In-flight meal not included,8529
Air India,2019-03-24,Kolkata,Banglore,05:40:00,14:35:00,1975,2.0,No Info,11522
Air India,2019-03-09,Delhi,Cochin,17:45:00,23:00:00,315,1.0,No Info,9064
Air India,2019-06-09,Kolkata,Banglore,05:50:00,23:15:00,1045,2.0,No Info,12723
Indigo,2019-03-15,Banglore,New Delhi,13:40:00,18:35:00,295,1.0,No Info,7166
Jet Airways,2019-05-06,Kolkata,Banglore,09:35:00,10:55:00,1520,1.0,No Info,13067
Air India,2019-05-12,Kolkata,Banglore,10:00:00,05:25:00,1165,2.0,No Info,14634
Jet Airways,2019-03-18,Banglore,New Delhi,14:05:00,05:05:00,900,1.0,No Info,13555
Jet Airways,2019-03-06,Banglore,New Delhi,08:00:00,15:15:00,435,1.0,No Info,19225
Air India,2019-05-15,Banglore,Delhi,10:00:00,12:45:00,165,0.0,No Info,6961
Indigo,2019-03-03,Chennai,Kolkata,05:15:00,07:35:00,140,0.0,No Info,6482
Indigo,2019-05-06,Kolkata,Banglore,07:10:00,12:40:00,330,1.0,No Info,4864
Jet Airways,2019-03-21,Delhi,Cochin,14:00:00,04:25:00,865,1.0,In-flight meal not included,7438
Indigo,2019-05-01,Kolkata,Banglore,15:15:00,20:05:00,290,1.0,No Info,4775
Jet Airways,2019-06-24,Mumbai,Hyderabad,08:45:00,10:15:00,90,0.0,In-flight meal not included,4995
Multiple Carriers,2019-05-15,Delhi,Cochin,14:00:00,21:00:00,420,1.0,No Info,13727
Air Asia,2019-03-09,Banglore,New Delhi,05:50:00,08:40:00,170,0.0,No Info,7652
Air India,2019-03-09,Banglore,New Delhi,17:00:00,03:40:00,640,1.0,No Info,8767
Jet Airways,2019-03-06,Banglore,New Delhi,16:55:00,11:25:00,1110,1.0,No Info,17261
Multiple Carriers,2019-03-06,Delhi,Cochin,09:10:00,18:50:00,580,1.0,No Info,15135
Jet Airways,2019-05-21,Delhi,Cochin,22:50:00,04:25:00,335,1.0,In-flight meal not included,12898
Jet Airways,2019-05-01,Kolkata,Banglore,17:00:00,21:05:00,1685,1.0,No Info,12121
Spicejet,2019-06-03,Chennai,Kolkata,08:20:00,10:35:00,135,0.0,No check-in baggage included,3543
Jet Airways,2019-05-09,Delhi,Cochin,08:00:00,04:25:00,1225,1.0,In-flight meal not included,12373
Jet Airways,2019-05-24,Banglore,Delhi,07:10:00,10:10:00,180,0.0,In-flight meal not included,4030
Spicejet,2019-05-21,Kolkata,Banglore,09:00:00,11:25:00,145,0.0,No Info,4174
Jet Airways,2019-03-06,Banglore,New Delhi,14:05:00,05:05:00,900,1.0,In-flight meal not included,13502
Air India,2019-06-03,Kolkata,Banglore,14:15:00,16:45:00,150,0.0,No Info,5510
Spicejet,2019-04-06,Banglore,Delhi,05:55:00,08:35:00,160,0.0,No Info,4423
Multiple Carriers,2019-03-03,Delhi,Cochin,07:30:00,18:50:00,680,1.0,No Info,15135
Air India,2019-05-27,Delhi,Cochin,17:40:00,23:00:00,320,1.0,No Info,7174
Jet Airways,2019-05-21,Delhi,Cochin,22:50:00,19:00:00,1210,1.0,No Info,16079
Indigo,2019-04-15,Delhi,Cochin,14:25:00,17:40:00,195,0.0,No Info,6015
Jet Airways,2019-06-15,Delhi,Cochin,02:15:00,19:00:00,1005,1.0,In-flight meal not included,10262
Jet Airways,2019-05-21,Delhi,Cochin,20:00:00,04:25:00,505,2.0,No Info,16263
Jet Airways,2019-03-18,Banglore,New Delhi,11:40:00,10:25:00,1365,1.0,In-flight meal not included,11087
Indigo,2019-06-15,Delhi,Cochin,15:10:00,20:00:00,290,1.0,No Info,6147
Air India,2019-05-21,Kolkata,Banglore,08:20:00,18:30:00,610,2.0,No Info,10697
Air India,2019-05-21,Delhi,Cochin,13:20:00,19:15:00,1795,2.0,No Info,13276
Jet Airways,2019-06-15,Delhi,Cochin,15:00:00,12:35:00,1295,1.0,In-flight meal not included,10262
Indigo,2019-06-15,Chennai,Kolkata,11:35:00,14:00:00,145,0.0,No Info,3858
Air India,2019-06-01,Banglore,Delhi,17:00:00,19:45:00,165,0.0,No Info,7171
Indigo,2019-06-18,Kolkata,Banglore,14:25:00,16:55:00,150,0.0,No Info,4804
Multiple Carriers,2019-03-21,Delhi,Cochin,10:45:00,18:50:00,485,1.0,No Info,11622
Jet Airways,2019-06-12,Kolkata,Banglore,14:05:00,10:05:00,1200,1.0,No Info,13044
Spicejet,2019-05-21,Banglore,Delhi,09:30:00,12:20:00,170,0.0,No Info,3625
Spicejet,2019-06-01,Kolkata,Banglore,06:55:00,09:30:00,155,0.0,No check-in baggage included,3841
Jet Airways,2019-05-06,Kolkata,Banglore,16:30:00,22:35:00,365,1.0,In-flight meal not included,10844
Jet Airways,2019-06-09,Delhi,Cochin,08:00:00,19:00:00,660,1.0,In-flight meal not included,10262
Jet Airways,2019-05-09,Kolkata,Banglore,16:30:00,08:15:00,945,1.0,No Info,13941
Spicejet,2019-05-24,Banglore,Delhi,05:55:00,08:35:00,160,0.0,No check-in baggage included,3257
Jet Airways,2019-03-24,Kolkata,Banglore,08:25:00,04:45:00,1220,1.0,In-flight meal not included,10031
Jet Airways,2019-06-18,Mumbai,Hyderabad,10:20:00,11:50:00,90,0.0,In-flight meal not included,4995
Air India,2019-06-03,Delhi,Cochin,09:45:00,23:00:00,795,1.0,No Info,8907
Indigo,2019-05-18,Banglore,Delhi,18:55:00,21:50:00,175,0.0,No Info,4823
Jet Airways,2019-03-06,Delhi,Cochin,19:10:00,04:25:00,1995,2.0,No Info,16809
Jet Airways,2019-06-09,Kolkata,Banglore,08:25:00,16:20:00,475,1.0,No Info,14571
Air India,2019-03-03,Banglore,New Delhi,00:30:00,23:55:00,1405,1.0,No Info,10394
Air India,2019-03-01,Banglore,New Delhi,08:50:00,09:25:00,1475,2.0,No Info,25430
Vistara,2019-06-24,Delhi,Cochin,06:00:00,09:10:00,190,0.0,No Info,6216
Indigo,2019-05-12,Kolkata,Banglore,18:05:00,23:30:00,325,1.0,No Info,6218
Multiple Carriers,2019-06-27,Delhi,Cochin,11:40:00,21:00:00,560,1.0,In-flight meal not included,6007
Air India,2019-04-01,Kolkata,Banglore,16:45:00,23:15:00,1830,2.0,No Info,9237
Spicejet,2019-05-01,Mumbai,Hyderabad,05:45:00,07:15:00,90,0.0,No Info,2017
Indigo,2019-06-03,Delhi,Cochin,16:00:00,01:30:00,570,1.0,No Info,6628
Air Asia,2019-05-24,Kolkata,Banglore,07:35:00,19:25:00,710,1.0,No Info,5192
Jet Airways,2019-06-09,Delhi,Cochin,22:50:00,04:25:00,335,1.0,No Info,14714
Jet Airways,2019-04-01,Kolkata,Banglore,14:05:00,19:50:00,345,1.0,No Info,13364
Air India,2019-05-12,Kolkata,Banglore,12:00:00,21:50:00,590,2.0,No Info,10676
Air India,2019-05-15,Delhi,Cochin,05:55:00,07:40:00,1545,2.0,No Info,11543
Jet Airways,2019-05-06,Kolkata,Banglore,08:25:00,16:20:00,475,1.0,In-flight meal not included,10844
Multiple Carriers,2019-03-21,Delhi,Cochin,10:20:00,19:15:00,535,1.0,No Info,7531
Indigo,2019-06-09,Kolkata,Banglore,08:10:00,13:00:00,290,1.0,No Info,5069
Air India,2019-05-24,Kolkata,Banglore,09:25:00,05:25:00,1200,2.0,No Info,14897
Goair,2019-03-03,Banglore,New Delhi,07:45:00,10:40:00,175,0.0,No Info,7222
Multiple Carriers,2019-06-06,Delhi,Cochin,09:45:00,16:10:00,385,1.0,No Info,9646
Spicejet,2019-06-06,Mumbai,Hyderabad,22:45:00,00:15:00,90,0.0,No check-in baggage included,1965
Spicejet,2019-04-15,Kolkata,Banglore,06:55:00,09:30:00,155,0.0,No Info,3873
Air Asia,2019-06-03,Kolkata,Banglore,22:50:00,01:20:00,150,0.0,No Info,4409
Air India,2019-06-12,Kolkata,Banglore,14:35:00,14:35:00,1440,1.0,No Info,6528
Air India,2019-06-09,Kolkata,Banglore,09:50:00,23:15:00,805,3.0,No Info,14960
Jet Airways,2019-05-21,Delhi,Cochin,07:05:00,12:35:00,330,1.0,No Info,16289
Jet Airways,2019-06-06,Delhi,Cochin,02:15:00,12:35:00,620,1.0,No Info,14714
Air India,2019-06-06,Delhi,Cochin,10:00:00,19:15:00,555,1.0,No Info,9194
Multiple Carriers,2019-05-15,Delhi,Cochin,11:25:00,19:15:00,470,1.0,No Info,7575
Spicejet,2019-04-12,Kolkata,Banglore,06:55:00,09:30:00,155,0.0,No check-in baggage included,3841
Air India,2019-04-27,Banglore,Delhi,13:20:00,16:10:00,170,0.0,No Info,5228
Indigo,2019-06-09,Delhi,Cochin,15:10:00,20:00:00,290,1.0,No Info,7060
Indigo,2019-03-09,Delhi,Cochin,04:55:00,16:10:00,675,1.0,No Info,6171
Air India,2019-05-18,Kolkata,Banglore,16:50:00,13:45:00,1255,2.0,No Info,13432
Air India,2019-05-21,Delhi,Cochin,14:05:00,17:55:00,230,0.0,No Info,6094
Jet Airways,2019-04-09,Banglore,Delhi,08:20:00,11:20:00,180,0.0,No Info,7229
Air Asia,2019-04-15,Kolkata,Banglore,19:55:00,22:25:00,150,0.0,No Info,4409
Jet Airways,2019-03-03,Banglore,New Delhi,08:00:00,05:05:00,1265,1.0,In-flight meal not included,13502
Jet Airways,2019-05-09,Delhi,Cochin,07:05:00,19:00:00,715,1.0,No Info,15554
Multiple Carriers,2019-06-12,Delhi,Cochin,07:10:00,22:30:00,920,1.0,No Info,6513
Jet Airways,2019-05-21,Kolkata,Banglore,09:35:00,23:35:00,840,1.0,No Info,14151
Goair,2019-04-01,Delhi,Cochin,10:35:00,19:35:00,540,1.0,No Info,5281
Indigo,2019-05-21,Mumbai,Hyderabad,12:00:00,13:30:00,90,0.0,No Info,2754
Jet Airways,2019-03-15,Banglore,New Delhi,22:55:00,05:05:00,370,1.0,No Info,27210
Air India,2019-03-03,Mumbai,Hyderabad,21:05:00,22:25:00,80,0.0,No Info,4937
Air India,2019-06-09,Delhi,Cochin,14:10:00,17:10:00,180,0.0,No Info,6094
Indigo,2019-03-03,Banglore,New Delhi,20:00:00,22:55:00,175,0.0,No Info,7303
Indigo,2019-05-12,Delhi,Cochin,05:35:00,08:50:00,195,0.0,No Info,6015
Indigo,2019-03-24,Banglore,New Delhi,18:25:00,21:20:00,175,0.0,No Info,8033
Indigo,2019-05-15,Delhi,Cochin,21:50:00,03:35:00,345,1.0,No Info,7189
Jet Airways,2019-06-24,Delhi,Cochin,21:25:00,12:35:00,910,2.0,In-flight meal not included,10199
Air India,2019-05-21,Kolkata,Banglore,14:30:00,23:15:00,525,2.0,No Info,15107
Jet Airways,2019-05-18,Kolkata,Banglore,17:00:00,19:10:00,1570,1.0,No Info,14151
Air India,2019-05-24,Kolkata,Banglore,05:50:00,13:15:00,445,2.0,No Info,7662
Spicejet,2019-05-27,Mumbai,Hyderabad,22:45:00,00:15:00,90,0.0,No Info,2017
Jet Airways,2019-06-09,Kolkata,Banglore,21:10:00,16:20:00,1150,1.0,In-flight meal not included,10844
Indigo,2019-06-12,Banglore,Delhi,22:10:00,01:00:00,170,0.0,No Info,3419
Air India,2019-03-06,Mumbai,Hyderabad,06:10:00,21:15:00,905,1.0,No Info,16666
Multiple Carriers,2019-06-09,Delhi,Cochin,07:05:00,22:30:00,925,1.0,No Info,9646
Jet Airways,2019-05-21,Kolkata,Banglore,20:25:00,09:45:00,800,1.0,In-flight meal not included,12384
Jet Airways,2019-06-21,Mumbai,Hyderabad,07:05:00,08:30:00,85,0.0,In-flight meal not included,4995
Jet Airways,2019-03-18,Banglore,New Delhi,05:45:00,16:10:00,625,1.0,No Info,12284
Air India,2019-03-01,Banglore,New Delhi,05:50:00,09:15:00,1645,1.0,No Info,13439
Jet Airways,2019-06-06,Delhi,Cochin,21:50:00,19:00:00,1270,1.0,No Info,14714
Multiple Carriers,2019-03-21,Delhi,Cochin,07:05:00,19:15:00,730,1.0,No Info,13378
Air India,2019-04-01,Kolkata,Banglore,09:25:00,10:30:00,1505,2.0,No Info,12009
Jet Airways,2019-05-01,Mumbai,Hyderabad,19:35:00,21:05:00,90,0.0,In-flight meal not included,2228
Jet Airways,2019-05-15,Kolkata,Banglore,21:10:00,10:05:00,775,1.0,No Info,15149
Jet Airways,2019-06-15,Delhi,Cochin,08:00:00,19:00:00,660,1.0,In-flight meal not included,10262
Vistara,2019-05-06,Kolkata,Banglore,07:10:00,20:20:00,790,1.0,No Info,8610
Multiple Carriers,2019-03-21,Delhi,Cochin,09:00:00,15:30:00,390,1.0,No Info,14486
Jet Airways,2019-05-15,Kolkata,Banglore,17:00:00,10:55:00,1075,1.0,No Info,14151
Indigo,2019-03-21,Delhi,Cochin,07:30:00,15:30:00,480,1.0,No Info,10208
Indigo,2019-03-06,Delhi,Cochin,02:00:00,07:45:00,345,1.0,No Info,8025
Jet Airways,2019-05-06,Kolkata,Banglore,20:00:00,10:05:00,845,1.0,In-flight meal not included,9663
Multiple Carriers,2019-03-01,Delhi,Cochin,00:20:00,15:30:00,910,1.0,No Info,23170
Vistara,2019-05-27,Chennai,Kolkata,07:05:00,09:20:00,135,0.0,No Info,3687
Multiple Carriers,2019-06-24,Delhi,Cochin,06:00:00,21:00:00,900,1.0,No Info,7740
Spicejet,2019-03-27,Mumbai,Hyderabad,13:10:00,14:30:00,80,0.0,No Info,2017
Indigo,2019-04-21,Banglore,Delhi,00:30:00,03:25:00,175,0.0,No Info,3943
Jet Airways,2019-03-24,Kolkata,Banglore,08:25:00,12:00:00,1655,1.0,In-flight meal not included,10031
Air India,2019-06-12,Delhi,Cochin,16:55:00,19:15:00,1580,2.0,No Info,13381
Spicejet,2019-06-21,Kolkata,Banglore,17:10:00,19:40:00,150,0.0,No check-in baggage included,3841
Multiple Carriers,2019-06-27,Delhi,Cochin,10:35:00,19:15:00,520,1.0,No Info,7155
Air India,2019-06-21,Banglore,Delhi,13:20:00,16:10:00,170,0.0,No Info,6961
Air India,2019-05-15,Delhi,Cochin,08:00:00,19:15:00,675,1.0,No Info,8372
Air India,2019-05-27,Delhi,Cochin,20:15:00,19:15:00,1380,2.0,No Info,13381
Air India,2019-05-21,Delhi,Cochin,20:00:00,19:15:00,1395,2.0,No Info,10861
Vistara,2019-03-21,Delhi,Cochin,06:00:00,09:10:00,190,0.0,No Info,6688
Indigo,2019-05-09,Kolkata,Banglore,21:00:00,02:15:00,315,1.0,No Info,7605
Jet Airways,2019-05-15,Kolkata,Banglore,08:25:00,19:50:00,685,1.0,In-flight meal not included,10844
Indigo,2019-05-15,Delhi,Cochin,17:30:00,01:30:00,480,1.0,No Info,6979
Jet Airways,2019-03-03,Mumbai,Hyderabad,02:55:00,04:25:00,90,0.0,No Info,5678
Jet Airways,2019-03-24,Kolkata,Banglore,18:55:00,08:10:00,795,1.0,In-flight meal not included,11134
Jet Airways,2019-05-18,Delhi,Cochin,13:00:00,19:00:00,360,1.0,In-flight meal not included,12373
Jet Airways,2019-05-09,Delhi,Cochin,02:15:00,12:35:00,620,1.0,No Info,15851
Air India,2019-03-12,Banglore,New Delhi,17:25:00,10:15:00,1010,2.0,No Info,12778
Spicejet,2019-03-21,Chennai,Kolkata,17:45:00,20:05:00,140,0.0,No check-in baggage included,3332
Multiple Carriers,2019-06-09,Delhi,Cochin,07:10:00,16:10:00,540,1.0,No Info,6513
Indigo,2019-06-03,Delhi,Cochin,15:10:00,20:00:00,290,1.0,No Info,6493
Indigo,2019-03-06,Kolkata,Banglore,14:20:00,16:55:00,155,0.0,No Info,5618
Jet Airways,2019-03-24,Kolkata,Banglore,21:10:00,16:20:00,1150,1.0,No Info,13759
Jet Airways,2019-05-21,Kolkata,Banglore,16:30:00,23:35:00,425,1.0,No Info,14781
Multiple Carriers,2019-06-24,Delhi,Cochin,11:40:00,19:15:00,455,1.0,In-flight meal not included,7268
Spicejet,2019-04-01,Mumbai,Hyderabad,13:15:00,14:45:00,90,0.0,No check-in baggage included,1965
Spicejet,2019-04-01,Kolkata,Banglore,09:00:00,11:25:00,145,0.0,No Info,3873
Jet Airways,2019-05-18,Banglore,Delhi,06:00:00,08:45:00,165,0.0,No Info,7229
Indigo,2019-06-01,Delhi,Cochin,09:15:00,21:00:00,705,1.0,No Info,7258
Jet Airways,2019-05-15,Kolkata,Banglore,20:25:00,09:45:00,800,1.0,No Info,13067
Air India,2019-05-15,Delhi,Cochin,22:00:00,19:15:00,1275,2.0,No Info,11281
Jet Airways,2019-06-06,Kolkata,Banglore,14:05:00,23:35:00,570,1.0,No Info,14571
Air Asia,2019-04-27,Banglore,Delhi,04:55:00,07:45:00,170,0.0,No Info,4282
Air India,2019-05-15,Delhi,Cochin,13:05:00,09:25:00,1220,2.0,No Info,10975
Air India,2019-06-15,Delhi,Cochin,12:55:00,19:15:00,1820,2.0,No Info,12646
Multiple Carriers,2019-06-15,Delhi,Cochin,14:55:00,22:30:00,455,1.0,In-flight meal not included,6093
Jet Airways,2019-03-18,Banglore,New Delhi,11:40:00,08:15:00,1235,1.0,No Info,12284
Jet Airways,2019-03-24,Kolkata,Banglore,06:30:00,23:25:00,1015,1.0,In-flight meal not included,8824
Goair,2019-05-06,Delhi,Cochin,07:25:00,13:35:00,370,1.0,No Info,6296
Air India,2019-03-18,Banglore,New Delhi,17:00:00,19:45:00,165,0.0,No Info,11633
Jet Airways,2019-05-03,Banglore,Delhi,06:00:00,08:45:00,165,0.0,No Info,7229
Spicejet,2019-06-24,Chennai,Kolkata,09:45:00,12:00:00,135,0.0,No check-in baggage included,3859
Jet Airways,2019-06-06,Delhi,Cochin,11:45:00,04:25:00,1000,2.0,In-flight meal not included,11992
Multiple Carriers,2019-03-27,Delhi,Cochin,17:00:00,01:35:00,515,1.0,No Info,6673
Jet Airways,2019-03-24,Banglore,New Delhi,02:00:00,04:45:00,165,0.0,No Info,7229
Spicejet,2019-03-24,Chennai,Kolkata,09:30:00,12:05:00,155,0.0,No check-in baggage included,3807
Indigo,2019-06-27,Delhi,Cochin,06:50:00,16:10:00,560,1.0,No Info,6442
Indigo,2019-04-09,Kolkata,Banglore,17:15:00,19:50:00,155,0.0,No Info,4174
Jet Airways,2019-03-18,Banglore,New Delhi,16:55:00,10:25:00,1050,1.0,In-flight meal not included,11087
Air India,2019-03-09,Delhi,Cochin,06:10:00,23:00:00,1010,1.0,No Info,9064
Spicejet,2019-05-06,Mumbai,Hyderabad,22:45:00,00:15:00,90,0.0,No check-in baggage included,2175
Multiple Carriers,2019-06-12,Delhi,Cochin,07:05:00,21:00:00,835,1.0,In-flight meal not included,10406
Indigo,2019-05-18,Banglore,Delhi,08:30:00,11:20:00,170,0.0,No Info,4823
Indigo,2019-06-18,Banglore,Delhi,18:25:00,21:20:00,175,0.0,No Info,4823
Jet Airways,2019-06-09,Kolkata,Banglore,17:00:00,23:35:00,395,1.0,In-flight meal not included,13994
Jet Airways,2019-03-21,Delhi,Cochin,06:20:00,04:25:00,1325,2.0,No Info,12273
Spicejet,2019-03-06,Kolkata,Banglore,22:20:00,00:40:00,140,0.0,No Info,3849
Vistara,2019-05-21,Banglore,Delhi,07:00:00,09:40:00,160,0.0,No Info,4668
Multiple Carriers,2019-03-03,Delhi,Cochin,11:30:00,18:50:00,440,1.0,No Info,15135
Jet Airways,2019-06-24,Delhi,Cochin,09:35:00,04:25:00,1130,2.0,No Info,13292
Air India,2019-05-15,Delhi,Cochin,10:55:00,07:40:00,1245,2.0,No Info,12803
Jet Airways,2019-06-09,Delhi,Cochin,14:00:00,12:35:00,1355,1.0,In-flight meal not included,10262
Air India,2019-03-24,Kolkata,Banglore,20:30:00,16:15:00,1185,1.0,No Info,12173
Jet Airways,2019-06-15,Delhi,Cochin,17:30:00,04:25:00,655,1.0,In-flight meal not included,10262
Indigo,2019-03-24,Banglore,New Delhi,07:10:00,10:05:00,175,0.0,No Info,6860
Spicejet,2019-06-27,Kolkata,Banglore,17:10:00,19:40:00,150,0.0,No check-in baggage included,3841
Multiple Carriers,2019-05-09,Delhi,Cochin,04:55:00,19:00:00,845,1.0,No Info,9103
Indigo,2019-06-12,Delhi,Cochin,08:35:00,22:30:00,835,1.0,No Info,6442
Jet Airways,2019-05-18,Delhi,Cochin,15:00:00,12:35:00,1295,1.0,In-flight meal not included,12373
Air Asia,2019-05-21,Kolkata,Banglore,07:35:00,23:30:00,955,1.0,No Info,5192
Jet Airways,2019-05-09,Kolkata,Banglore,06:30:00,18:15:00,705,1.0,No Info,14781
Indigo,2019-04-24,Kolkata,Banglore,11:30:00,14:05:00,155,0.0,No Info,4804
Jet Airways,2019-05-09,Delhi,Cochin,15:00:00,19:00:00,1680,1.0,In-flight meal not included,12373
Indigo,2019-05-01,Mumbai,Hyderabad,20:05:00,21:40:00,95,0.0,No Info,2227
Multiple Carriers,2019-06-09,Delhi,Cochin,09:00:00,19:00:00,600,1.0,No Info,12192
Indigo,2019-03-24,Kolkata,Banglore,20:25:00,23:05:00,160,0.0,No Info,8872
Jet Airways,2019-05-24,Delhi,Cochin,22:50:00,04:25:00,335,1.0,No Info,16079
Jet Airways,2019-05-06,Kolkata,Banglore,09:35:00,21:05:00,690,1.0,In-flight meal not included,10703
Jet Airways,2019-03-06,Delhi,Cochin,22:20:00,04:25:00,365,1.0,No Info,15764
Spicejet,2019-05-09,Kolkata,Banglore,06:55:00,09:30:00,155,0.0,No Info,3873
Indigo,2019-05-27,Mumbai,Hyderabad,21:20:00,22:50:00,90,0.0,No Info,2227
Indigo,2019-05-24,Kolkata,Banglore,08:10:00,13:00:00,290,1.0,No Info,5069
Jet Airways,2019-03-21,Banglore,New Delhi,08:55:00,23:00:00,845,1.0,In-flight meal not included,6992
Spicejet,2019-03-24,Banglore,New Delhi,20:30:00,23:20:00,170,0.0,No check-in baggage included,5469
Air India,2019-06-06,Kolkata,Banglore,14:30:00,08:55:00,1105,2.0,No Info,15107
Indigo,2019-03-21,Delhi,Cochin,07:35:00,16:10:00,515,1.0,No Info,6558
Multiple Carriers,2019-06-15,Delhi,Cochin,12:50:00,01:30:00,760,1.0,No Info,6795
Air India,2019-06-24,Delhi,Cochin,20:15:00,19:15:00,1380,2.0,No Info,13381
Jet Airways,2019-06-12,Kolkata,Banglore,18:55:00,08:15:00,800,1.0,No Info,13044
Jet Airways,2019-06-12,Kolkata,Banglore,14:05:00,09:20:00,1155,1.0,No Info,13044
Jet Airways,2019-06-06,Kolkata,Banglore,08:25:00,16:20:00,475,1.0,No Info,14571
Jet Airways,2019-06-27,Banglore,Delhi,07:10:00,10:10:00,180,0.0,In-flight meal not included,6478
Jet Airways,2019-06-09,Kolkata,Banglore,17:00:00,23:35:00,395,1.0,No Info,14676
Spicejet,2019-04-15,Banglore,Delhi,21:10:00,00:05:00,175,0.0,No check-in baggage included,3919
Jet Airways,2019-06-27,Delhi,Cochin,07:05:00,19:00:00,715,1.0,No Info,18371
Indigo,2019-05-01,Kolkata,Banglore,19:20:00,23:45:00,265,1.0,No Info,3809
Jet Airways,2019-06-12,Delhi,Cochin,20:55:00,19:00:00,1325,1.0,In-flight meal not included,10262
Jet Airways,2019-06-03,Delhi,Cochin,20:55:00,19:00:00,1325,1.0,In-flight meal not included,10262
Spicejet,2019-05-24,Banglore,Delhi,09:30:00,12:20:00,170,0.0,No check-in baggage included,3573
Jet Airways,2019-05-03,Banglore,Delhi,08:20:00,11:20:00,180,0.0,In-flight meal not included,5198
Jet Airways,2019-06-09,Kolkata,Banglore,18:55:00,16:20:00,1285,1.0,No Info,14571
Indigo,2019-06-27,Chennai,Kolkata,05:15:00,07:40:00,145,0.0,No Info,3540
Indigo,2019-06-03,Delhi,Cochin,05:05:00,16:10:00,665,1.0,No Info,6818
Indigo,2019-04-01,Banglore,Delhi,16:55:00,19:55:00,180,0.0,No Info,4823
Jet Airways,2019-05-12,Kolkata,Banglore,21:10:00,04:40:00,450,1.0,In-flight meal not included,8586
Jet Airways,2019-05-15,Banglore,Delhi,15:15:00,18:10:00,175,0.0,No Info,7229
Air India,2019-04-01,Kolkata,Banglore,07:00:00,05:25:00,1345,2.0,No Info,12849
Jet Airways,2019-05-21,Delhi,Cochin,20:00:00,04:25:00,505,2.0,In-flight meal not included,15318
Indigo,2019-05-03,Kolkata,Banglore,17:15:00,19:50:00,155,0.0,No Info,4804
Air India,2019-05-15,Delhi,Cochin,12:55:00,19:15:00,1820,2.0,No Info,13486
Jet Airways,2019-05-18,Delhi,Cochin,13:25:00,19:00:00,1775,2.0,No Info,16704
Jet Airways,2019-05-09,Delhi,Cochin,20:55:00,19:00:00,1325,1.0,In-flight meal not included,12373
Jet Airways,2019-03-06,Banglore,New Delhi,08:00:00,19:10:00,670,1.0,No Info,16736
Jet Airways,2019-03-01,Mumbai,Hyderabad,07:10:00,08:35:00,85,0.0,No Info,17501
Indigo,2019-05-09,Delhi,Cochin,07:30:00,21:00:00,810,1.0,No Info,7191
Air Asia,2019-06-03,Delhi,Cochin,16:45:00,22:25:00,340,1.0,No Info,11410
Jet Airways,2019-03-06,Banglore,New Delhi,08:00:00,23:00:00,900,1.0,No Info,16736
Indigo,2019-03-24,Kolkata,Banglore,09:35:00,12:20:00,165,0.0,No Info,6038
Jet Airways,2019-03-24,Kolkata,Banglore,13:55:00,16:20:00,1585,1.0,In-flight meal not included,10031
Multiple Carriers,2019-05-18,Delhi,Cochin,07:05:00,19:15:00,730,1.0,No Info,14533
Jet Airways,2019-05-09,Kolkata,Banglore,14:05:00,23:35:00,570,1.0,No Info,14781
Spicejet,2019-05-24,Mumbai,Hyderabad,05:45:00,07:15:00,90,0.0,No check-in baggage included,1965
Indigo,2019-06-09,Mumbai,Hyderabad,12:00:00,13:30:00,90,0.0,No Info,2754
Jet Airways,2019-03-06,Delhi,Cochin,22:20:00,19:45:00,1285,1.0,No Info,17024
Multiple Carriers,2019-06-01,Delhi,Cochin,09:00:00,21:00:00,720,1.0,No Info,13587
Jet Airways,2019-06-01,Delhi,Cochin,10:00:00,04:25:00,1105,1.0,In-flight meal not included,10262
Air India,2019-06-09,Kolkata,Banglore,09:50:00,21:05:00,675,1.0,No Info,7662
Jet Airways,2019-06-01,Delhi,Cochin,05:30:00,04:25:00,1375,2.0,In-flight meal not included,10368
Spicejet,2019-06-09,Chennai,Kolkata,08:20:00,10:35:00,135,0.0,No check-in baggage included,3543
Jet Airways,2019-06-06,Kolkata,Banglore,08:25:00,16:20:00,475,1.0,In-flight meal not included,10844
Jet Airways,2019-06-03,Delhi,Cochin,18:15:00,12:35:00,1100,1.0,In-flight meal not included,10262
Indigo,2019-06-27,Delhi,Cochin,07:15:00,12:30:00,315,1.0,No Info,6582
Air India,2019-05-18,Delhi,Cochin,21:00:00,07:40:00,640,1.0,No Info,8372
Indigo,2019-06-15,Delhi,Cochin,02:00:00,07:45:00,345,1.0,No Info,6386
Spicejet,2019-05-27,Chennai,Kolkata,17:45:00,20:05:00,140,0.0,No check-in baggage included,3543
Vistara,2019-03-09,Delhi,Cochin,14:55:00,17:50:00,175,0.0,No Info,6741
Indigo,2019-03-24,Banglore,New Delhi,13:00:00,15:50:00,170,0.0,No Info,8033
Jet Airways,2019-03-21,Delhi,Cochin,19:10:00,18:50:00,1420,2.0,In-flight meal not included,6643
Jet Airways,2019-06-09,Kolkata,Banglore,14:05:00,22:35:00,510,1.0,In-flight meal not included,10844
Air India,2019-06-09,Delhi,Cochin,20:15:00,19:15:00,1380,2.0,No Info,13381
Multiple Carriers,2019-06-27,Delhi,Cochin,06:00:00,19:00:00,780,1.0,In-flight meal not included,10791
Indigo,2019-04-12,Banglore,Delhi,07:10:00,10:05:00,175,0.0,No Info,4823
Indigo,2019-06-27,Delhi,Cochin,23:30:00,04:35:00,305,1.0,No Info,9165
Indigo,2019-05-27,Delhi,Cochin,07:35:00,12:10:00,275,1.0,No Info,5054
Spicejet,2019-05-12,Mumbai,Hyderabad,05:45:00,07:15:00,90,0.0,No Info,2017
Spicejet,2019-05-09,Banglore,Delhi,09:30:00,12:20:00,170,0.0,No Info,4991
Indigo,2019-05-01,Chennai,Kolkata,07:55:00,10:15:00,140,0.0,No Info,3850
Indigo,2019-03-21,Delhi,Cochin,11:30:00,21:00:00,570,1.0,No Info,6838
Indigo,2019-03-15,Kolkata,Banglore,14:20:00,16:55:00,155,0.0,No Info,4778
Jet Airways,2019-03-06,Banglore,New Delhi,08:00:00,13:15:00,315,1.0,No Info,19225
Indigo,2019-03-03,Delhi,Cochin,08:35:00,22:20:00,825,1.0,No Info,10236
Air India,2019-03-12,Mumbai,Hyderabad,16:50:00,12:25:00,1175,3.0,No Info,14260
Indigo,2019-04-06,Banglore,Delhi,04:00:00,06:50:00,170,0.0,No Info,4423
Indigo,2019-06-27,Banglore,Delhi,00:25:00,03:15:00,170,0.0,No Info,3419
Indigo,2019-05-27,Delhi,Cochin,16:00:00,21:00:00,300,1.0,No Info,5054
Jet Airways,2019-06-12,Kolkata,Banglore,20:00:00,04:40:00,520,1.0,No Info,12576
Jet Airways,2019-03-12,Banglore,New Delhi,20:35:00,18:25:00,1310,1.0,In-flight meal not included,11087
Indigo,2019-04-09,Delhi,Cochin,18:35:00,01:30:00,415,1.0,No Info,6573
Jet Airways,2019-05-24,Banglore,Delhi,07:10:00,10:10:00,180,0.0,No Info,7229
Indigo,2019-05-06,Kolkata,Banglore,17:15:00,19:50:00,155,0.0,No Info,4804
Jet Airways,2019-05-24,Mumbai,Hyderabad,07:05:00,08:30:00,85,0.0,No Info,8040
Air India,2019-03-24,Kolkata,Banglore,05:55:00,23:15:00,2480,2.0,No Info,13990
Air India,2019-05-09,Delhi,Cochin,12:00:00,07:40:00,1180,2.0,No Info,9968
Multiple Carriers,2019-06-06,Delhi,Cochin,04:55:00,12:35:00,460,1.0,No Info,10678
Indigo,2019-05-09,Mumbai,Hyderabad,20:05:00,21:40:00,95,0.0,No Info,2437
Jet Airways,2019-05-21,Delhi,Cochin,16:00:00,19:00:00,1620,1.0,In-flight meal not included,12898
Jet Airways,2019-03-09,Delhi,Cochin,19:45:00,18:50:00,1385,1.0,In-flight meal not included,14053
Jet Airways,2019-03-15,Banglore,New Delhi,08:00:00,15:15:00,435,1.0,In-flight meal not included,9134
Goair,2019-03-21,Delhi,Cochin,07:00:00,12:50:00,350,1.0,No Info,9385
Air India,2019-03-06,Banglore,New Delhi,08:50:00,16:30:00,1900,2.0,No Info,14143
Jet Airways,2019-03-09,Delhi,Cochin,11:00:00,14:15:00,195,0.0,No Info,9564
Air Asia,2019-03-24,Kolkata,Banglore,15:25:00,22:55:00,450,2.0,No Info,11245
Air India,2019-05-21,Delhi,Cochin,13:05:00,09:25:00,1220,2.0,No Info,10467
Jet Airways,2019-03-15,Banglore,New Delhi,05:45:00,10:25:00,280,1.0,In-flight meal not included,9134
Air India,2019-05-06,Delhi,Cochin,09:45:00,09:25:00,1420,,No Info,7480
Goair,2019-06-24,Delhi,Cochin,07:25:00,13:35:00,370,1.0,No Info,4692
Multiple Carriers,2019-06-15,Delhi,Cochin,07:30:00,19:00:00,690,1.0,No Info,10877
Air India,2019-03-21,Mumbai,Hyderabad,21:05:00,22:25:00,80,0.0,No Info,2050
Vistara,2019-03-15,Delhi,Cochin,06:00:00,09:10:00,190,0.0,No Info,6111
Jet Airways,2019-05-09,Kolkata,Banglore,08:25:00,16:20:00,475,1.0,No Info,13941
Jet Airways,2019-04-09,Banglore,Delhi,11:10:00,14:05:00,175,0.0,In-flight meal not included,4544
Multiple Carriers,2019-06-15,Delhi,Cochin,13:00:00,19:15:00,375,1.0,No Info,16108
Jet Airways,2019-04-01,Kolkata,Banglore,20:00:00,16:20:00,1220,1.0,In-flight meal not included,7064
Spicejet,2019-03-15,Mumbai,Hyderabad,13:10:00,14:30:00,80,0.0,No check-in baggage included,2385
Goair,2019-04-15,Banglore,Delhi,07:45:00,10:40:00,175,0.0,No Info,4632
Indigo,2019-04-18,Delhi,Cochin,05:35:00,08:50:00,195,0.0,No Info,6015
Jet Airways,2019-06-24,Delhi,Cochin,20:55:00,04:25:00,450,1.0,In-flight meal not included,10262
Spicejet,2019-06-06,Delhi,Cochin,06:05:00,11:20:00,315,1.0,No Info,5583
Indigo,2019-04-03,Delhi,Cochin,10:35:00,15:35:00,300,1.0,No Info,5073
Multiple Carriers,2019-05-27,Delhi,Cochin,11:30:00,01:30:00,840,1.0,No Info,13377
Jet Airways,2019-03-24,Mumbai,Hyderabad,19:35:00,21:05:00,90,0.0,In-flight meal not included,2470
Multiple Carriers,2019-05-09,Delhi,Cochin,09:00:00,19:15:00,615,1.0,No Info,14323
Multiple Carriers,2019-05-18,Delhi,Cochin,12:50:00,01:30:00,760,1.0,No Info,7670
Jet Airways,2019-06-12,Delhi,Cochin,08:10:00,12:35:00,1705,2.0,No Info,14300
Indigo,2019-05-15,Delhi,Cochin,07:35:00,16:10:00,515,1.0,No Info,6442
Jet Airways,2019-05-21,Delhi,Cochin,13:00:00,19:00:00,360,1.0,No Info,16079
Jet Airways,2019-06-27,Delhi,Cochin,09:40:00,12:35:00,1615,2.0,In-flight meal not included,11118
Indigo,2019-05-21,Delhi,Cochin,17:10:00,01:30:00,500,1.0,No Info,6794
Jet Airways,2019-05-18,Kolkata,Banglore,18:55:00,23:35:00,1720,1.0,In-flight meal not included,10844
Jet Airways,2019-06-06,Delhi,Cochin,19:30:00,04:25:00,535,2.0,No Info,13014
Jet Airways,2019-06-24,Delhi,Cochin,02:15:00,12:35:00,620,1.0,In-flight meal not included,10262
Indigo,2019-06-27,Kolkata,Banglore,17:15:00,19:50:00,155,0.0,No Info,4804
Jet Airways,2019-03-27,Delhi,Cochin,02:15:00,18:50:00,995,1.0,In-flight meal not included,6017
Jet Airways,2019-06-27,Delhi,Cochin,20:55:00,04:25:00,450,1.0,In-flight meal not included,12898
Indigo,2019-05-15,Kolkata,Banglore,04:40:00,07:15:00,155,0.0,No Info,4804
Multiple Carriers,2019-06-12,Delhi,Cochin,07:05:00,22:30:00,925,1.0,No Info,9646
Air India,2019-03-01,Banglore,New Delhi,00:30:00,20:30:00,1200,1.0,1 Long layover,14752
Air Asia,2019-06-06,Banglore,Delhi,23:55:00,02:45:00,170,0.0,No Info,7120
Multiple Carriers,2019-06-27,Delhi,Cochin,09:45:00,22:30:00,765,1.0,No Info,9646
Jet Airways,2019-05-18,Kolkata,Banglore,14:05:00,20:45:00,400,1.0,In-flight meal not included,10844
Indigo,2019-06-01,Delhi,Cochin,05:10:00,10:05:00,295,1.0,No Info,6842
Jet Airways,2019-05-21,Kolkata,Banglore,09:35:00,21:05:00,690,1.0,No Info,14151
Indigo,2019-03-09,Banglore,New Delhi,22:20:00,01:10:00,170,0.0,No Info,6144
Multiple Carriers,2019-03-27,Delhi,Cochin,06:00:00,13:20:00,440,1.0,No Info,7845
Multiple Carriers,2019-05-18,Delhi,Cochin,09:00:00,21:00:00,720,1.0,No Info,13727
Jet Airways,2019-06-03,Delhi,Cochin,11:40:00,19:00:00,440,2.0,In-flight meal not included,15812
Jet Airways,2019-05-21,Kolkata,Banglore,08:25:00,09:20:00,1495,1.0,No Info,14388
Jet Airways,2019-03-06,Delhi,Cochin,13:00:00,04:25:00,925,1.0,In-flight meal not included,13843
Vistara,2019-05-06,Kolkata,Banglore,07:10:00,23:25:00,975,1.0,No Info,8085
Air India,2019-06-12,Delhi,Cochin,09:45:00,08:15:00,1350,1.0,No Info,8991
Air India,2019-05-12,Kolkata,Banglore,09:25:00,13:45:00,1700,2.0,No Info,12592
Air India,2019-03-15,Banglore,New Delhi,17:00:00,22:55:00,1795,2.0,No Info,8534
Vistara,2019-03-06,Mumbai,Hyderabad,08:45:00,19:55:00,670,1.0,No Info,12395
Indigo,2019-04-03,Delhi,Cochin,05:35:00,08:50:00,195,0.0,No Info,4729
Air India,2019-05-15,Delhi,Cochin,05:00:00,07:40:00,1600,2.0,No Info,11281
Spicejet,2019-05-24,Chennai,Kolkata,08:20:00,10:35:00,135,0.0,No Info,3597
Jet Airways,2019-05-01,Kolkata,Banglore,17:00:00,23:35:00,395,1.0,In-flight meal not included,12384
Jet Airways,2019-05-09,Mumbai,Hyderabad,02:55:00,04:20:00,85,0.0,No Info,5678
Air India,2019-03-21,Delhi,Cochin,09:45:00,09:25:00,1420,2.0,No Info,8140
Vistara,2019-05-12,Kolkata,Banglore,07:10:00,09:05:00,1555,1.0,No Info,9397
Multiple Carriers,2019-03-21,Delhi,Cochin,13:00:00,21:00:00,480,1.0,No Info,13062
Air India,2019-06-09,Banglore,Delhi,06:10:00,08:55:00,165,0.0,No Info,6961
Indigo,2019-06-09,Kolkata,Banglore,15:15:00,17:45:00,150,0.0,No Info,5224
Indigo,2019-03-09,Delhi,Cochin,04:45:00,12:55:00,490,1.0,No Info,16162
Jet Airways,2019-03-21,Delhi,Cochin,22:50:00,04:25:00,335,1.0,No Info,12242
Spicejet,2019-04-06,Banglore,Delhi,21:10:00,00:05:00,175,0.0,No check-in baggage included,3919
Jet Airways,2019-06-21,Mumbai,Hyderabad,08:45:00,10:15:00,90,0.0,In-flight meal not included,4995
Goair,2019-06-21,Banglore,Delhi,20:55:00,23:40:00,165,0.0,No Info,3898
Jet Airways,2019-06-24,Mumbai,Hyderabad,19:35:00,21:05:00,90,0.0,In-flight meal not included,3210
Multiple Carriers,2019-03-06,Delhi,Cochin,08:55:00,18:50:00,595,1.0,No Info,15411
Jet Airways,2019-05-18,Delhi,Cochin,11:30:00,04:25:00,1015,1.0,In-flight meal not included,12373
Jet Airways,2019-06-03,Delhi,Cochin,02:15:00,04:25:00,1570,1.0,In-flight meal not included,11627
Jet Airways,2019-04-09,Banglore,Delhi,07:10:00,10:10:00,180,0.0,No Info,7229
Indigo,2019-06-01,Chennai,Kolkata,07:55:00,10:15:00,140,0.0,No Info,3850
Air India,2019-03-24,Kolkata,Banglore,05:50:00,13:40:00,470,2.0,No Info,8005
Spicejet,2019-06-18,Kolkata,Banglore,17:10:00,19:40:00,150,0.0,No Info,3873
Multiple Carriers,2019-03-27,Delhi,Cochin,13:00:00,21:00:00,480,1.0,No Info,6883
Air India,2019-06-09,Delhi,Cochin,17:15:00,07:40:00,865,2.0,No Info,12199
Air Asia,2019-03-09,Delhi,Cochin,16:45:00,07:10:00,865,1.0,No Info,8327
Multiple Carriers,2019-06-01,Delhi,Cochin,06:40:00,19:15:00,755,1.0,No Info,8937
Jet Airways,2019-03-12,Banglore,New Delhi,20:35:00,23:00:00,1585,1.0,In-flight meal not included,11087
Spicejet,2019-04-24,Banglore,Delhi,09:30:00,12:20:00,170,0.0,No Info,3971
Indigo,2019-06-18,Kolkata,Banglore,15:15:00,17:45:00,150,0.0,No Info,4804
Indigo,2019-05-21,Delhi,Cochin,10:35:00,21:00:00,625,1.0,No Info,6794
Indigo,2019-03-03,Mumbai,Hyderabad,20:05:00,21:35:00,90,0.0,No Info,5232
Spicejet,2019-04-21,Banglore,Delhi,05:55:00,08:35:00,160,0.0,No check-in baggage included,4319
Indigo,2019-05-24,Kolkata,Banglore,15:10:00,20:30:00,320,1.0,No Info,6991
Indigo,2019-05-15,Chennai,Kolkata,14:45:00,17:05:00,140,0.0,No Info,3597
Jet Airways,2019-05-12,Kolkata,Banglore,20:00:00,12:00:00,960,1.0,In-flight meal not included,9663
Air India,2019-03-21,Delhi,Cochin,07:00:00,19:15:00,735,1.0,No Info,7934
Jet Airways,2019-06-01,Delhi,Cochin,11:30:00,04:25:00,1015,1.0,In-flight meal not included,10262
Vistara,2019-05-15,Banglore,Delhi,07:00:00,09:40:00,160,0.0,No Info,4668
Indigo,2019-04-03,Banglore,Delhi,07:10:00,10:05:00,175,0.0,No Info,4823
Air India,2019-05-24,Kolkata,Banglore,10:00:00,05:25:00,1165,2.0,No Info,15422
Multiple Carriers,2019-03-09,Delhi,Cochin,07:05:00,21:20:00,855,2.0,No Info,8620
Indigo,2019-05-21,Banglore,Delhi,10:10:00,13:00:00,170,0.0,No Info,3943
Multiple Carriers,2019-06-03,Delhi,Cochin,17:50:00,01:30:00,460,2.0,No Info,18275
Air India,2019-03-06,Delhi,Cochin,07:00:00,19:15:00,735,1.0,No Info,15809
Indigo,2019-03-09,Banglore,New Delhi,16:50:00,21:35:00,285,1.0,No Info,10231
Indigo,2019-03-21,Banglore,New Delhi,13:00:00,15:50:00,170,0.0,No Info,5694
Jet Airways,2019-06-24,Banglore,Delhi,06:00:00,08:45:00,165,0.0,In-flight meal not included,5769
Spicejet,2019-04-27,Kolkata,Banglore,09:00:00,11:25:00,145,0.0,No Info,4174
Multiple Carriers,2019-06-01,Delhi,Cochin,06:40:00,19:00:00,740,1.0,No Info,11200
Indigo,2019-05-15,Chennai,Kolkata,11:35:00,14:00:00,145,0.0,No Info,4332
Jet Airways,2019-03-21,Banglore,New Delhi,07:00:00,19:10:00,730,1.0,In-flight meal not included,7832
Jet Airways,2019-03-24,Kolkata,Banglore,21:10:00,16:20:00,1150,1.0,In-flight meal not included,10031
Spicejet,2019-06-09,Delhi,Cochin,17:55:00,22:50:00,295,1.0,No Info,5409
Vistara,2019-05-21,Kolkata,Banglore,20:20:00,09:05:00,765,1.0,No Info,8452
Indigo,2019-03-01,Chennai,Kolkata,13:20:00,15:35:00,135,0.0,No Info,7295
Multiple Carriers,2019-04-27,Delhi,Cochin,07:10:00,16:10:00,540,1.0,In-flight meal not included,6093
Multiple Carriers,2019-06-03,Delhi,Cochin,09:00:00,19:00:00,600,1.0,No Info,13714
Jet Airways,2019-03-01,Banglore,New Delhi,14:05:00,19:10:00,305,1.0,No Info,36235
Indigo,2019-05-03,Banglore,Delhi,04:00:00,06:50:00,170,0.0,No Info,3943
Jet Airways,2019-06-01,Delhi,Cochin,09:00:00,12:35:00,1655,1.0,In-flight meal not included,10262
Jet Airways,2019-06-27,Delhi,Cochin,12:15:00,12:35:00,1460,2.0,No Info,14300
Indigo,2019-05-15,Delhi,Cochin,16:00:00,01:30:00,570,1.0,No Info,7923
Multiple Carriers,2019-05-21,Delhi,Cochin,09:15:00,19:00:00,585,1.0,No Info,9627
Spicejet,2019-06-03,Chennai,Kolkata,08:20:00,10:35:00,135,0.0,No Info,3597
Multiple Carriers,2019-05-15,Delhi,Cochin,11:40:00,19:15:00,455,1.0,No Info,9001
Jet Airways,2019-05-06,Kolkata,Banglore,06:30:00,20:45:00,855,1.0,In-flight meal not included,9663
Indigo,2019-05-27,Banglore,Delhi,08:30:00,11:20:00,170,0.0,No Info,4823
Indigo,2019-06-03,Mumbai,Hyderabad,20:05:00,21:40:00,95,0.0,No Info,2227
Vistara,2019-05-01,Kolkata,Banglore,07:10:00,22:40:00,930,1.0,No Info,8452
Multiple Carriers,2019-06-01,Delhi,Cochin,19:00:00,01:30:00,390,1.0,No Info,7530
Jet Airways,2019-03-21,Banglore,New Delhi,22:50:00,07:40:00,530,1.0,In-flight meal not included,7045
Air India,2019-03-21,Delhi,Cochin,14:10:00,17:10:00,180,0.0,No Info,5674
Jet Airways,2019-06-03,Delhi,Cochin,20:55:00,04:25:00,450,1.0,In-flight meal not included,10262
Vistara,2019-03-24,Banglore,New Delhi,11:30:00,14:10:00,160,0.0,No Info,5403
Jet Airways,2019-06-09,Delhi,Cochin,13:00:00,04:25:00,925,1.0,In-flight meal not included,10262
Indigo,2019-05-09,Banglore,Delhi,01:30:00,04:15:00,165,0.0,No Info,3419
Indigo,2019-04-12,Kolkata,Banglore,15:30:00,18:05:00,155,0.0,No Info,4174
Jet Airways,2019-06-09,Kolkata,Banglore,20:00:00,16:20:00,1220,1.0,In-flight meal not included,10844
Jet Airways,2019-06-27,Delhi,Cochin,23:05:00,19:00:00,1195,2.0,In-flight meal not included,11150
Spicejet,2019-06-27,Banglore,Delhi,21:10:00,00:05:00,175,0.0,No check-in baggage included,4319
Vistara,2019-03-03,Banglore,New Delhi,19:40:00,22:20:00,160,0.0,No Info,8553
Jet Airways,2019-05-12,Delhi,Cochin,11:00:00,14:15:00,195,0.0,No Info,9564
Air India,2019-04-09,Delhi,Cochin,12:55:00,19:15:00,1820,2.0,No Info,9968
Jet Airways,2019-06-09,Kolkata,Banglore,14:05:00,20:45:00,400,1.0,In-flight meal not included,10844
Spicejet,2019-05-09,Mumbai,Hyderabad,05:45:00,07:15:00,90,0.0,No Info,2017
Jet Airways,2019-05-06,Kolkata,Banglore,20:25:00,15:05:00,1120,1.0,No Info,13067
Spicejet,2019-06-09,Chennai,Kolkata,17:45:00,20:05:00,140,0.0,No Info,3597
Multiple Carriers,2019-06-12,Delhi,Cochin,11:40:00,19:15:00,455,1.0,No Info,8266
Jet Airways,2019-05-21,Mumbai,Hyderabad,07:05:00,08:30:00,85,0.0,In-flight meal not included,4995
Indigo,2019-04-01,Mumbai,Hyderabad,19:05:00,20:35:00,90,0.0,No Info,2754
Jet Airways,2019-05-12,Kolkata,Banglore,09:35:00,14:25:00,1730,1.0,No Info,13067
Jet Airways,2019-05-06,Kolkata,Banglore,21:10:00,10:05:00,775,1.0,No Info,13584
Jet Airways,2019-05-12,Kolkata,Banglore,18:55:00,18:15:00,1400,1.0,In-flight meal not included,10844
Vistara,2019-03-24,Kolkata,Banglore,20:20:00,18:45:00,1345,1.0,No Info,12102
Spicejet,2019-03-24,Banglore,New Delhi,09:35:00,12:30:00,175,0.0,No Info,6309
Multiple Carriers,2019-05-15,Delhi,Cochin,10:00:00,19:15:00,555,1.0,No Info,14323
Indigo,2019-06-18,Banglore,Delhi,10:10:00,13:00:00,170,0.0,No Info,3943
Air Asia,2019-05-21,Kolkata,Banglore,06:50:00,10:30:00,220,1.0,No Info,5162
Jet Airways,2019-05-06,Banglore,Delhi,08:20:00,11:20:00,180,0.0,In-flight meal not included,4544
Spicejet,2019-06-18,Mumbai,Hyderabad,05:45:00,07:15:00,90,0.0,No Info,2753
Air India,2019-03-15,Banglore,New Delhi,05:50:00,12:05:00,1815,2.0,No Info,7664
Spicejet,2019-04-24,Kolkata,Banglore,17:10:00,19:40:00,150,0.0,No check-in baggage included,3841
Indigo,2019-05-09,Delhi,Cochin,05:35:00,08:50:00,195,0.0,No Info,5000
Indigo,2019-04-09,Kolkata,Banglore,11:30:00,16:05:00,275,1.0,No Info,4966
Air India,2019-03-03,Banglore,New Delhi,19:10:00,10:35:00,925,2.0,No Info,13355
Indigo,2019-03-21,Delhi,Cochin,07:45:00,13:40:00,355,1.0,No Info,6101
Indigo,2019-04-27,Banglore,Delhi,18:55:00,21:50:00,175,0.0,No Info,4823
Jet Airways,2019-06-09,Delhi,Cochin,09:40:00,12:35:00,1615,2.0,No Info,13014
Jet Airways,2019-03-18,Banglore,New Delhi,22:50:00,09:00:00,610,1.0,In-flight meal not included,11087
Air India,2019-03-15,Chennai,Kolkata,11:40:00,13:55:00,135,0.0,No Info,7082
Indigo,2019-06-15,Mumbai,Hyderabad,16:55:00,18:25:00,90,0.0,No Info,3175
Jet Airways,2019-06-09,Delhi,Cochin,09:00:00,12:35:00,1655,1.0,In-flight meal not included,10262
Vistara,2019-06-06,Kolkata,Banglore,07:10:00,09:05:00,1555,1.0,No Info,8452
Jet Airways,2019-05-01,Kolkata,Banglore,20:25:00,23:35:00,1630,1.0,No Info,11467
Multiple Carriers,2019-05-18,Delhi,Cochin,04:55:00,12:35:00,460,1.0,No Info,8882
Indigo,2019-03-15,Mumbai,Hyderabad,21:20:00,22:45:00,85,0.0,No Info,2754
Jet Airways,2019-03-06,Delhi,Cochin,13:55:00,04:25:00,870,1.0,No Info,15764
Jet Airways,2019-06-12,Delhi,Cochin,19:45:00,19:00:00,1395,1.0,In-flight meal not included,10262
Air India,2019-05-24,Delhi,Cochin,09:45:00,09:25:00,1420,1.0,No Info,7480
Spicejet,2019-03-12,Kolkata,Banglore,09:00:00,11:30:00,150,0.0,No Info,6982
Jet Airways,2019-06-15,Delhi,Cochin,08:00:00,19:00:00,660,1.0,No Info,14714
Jet Airways,2019-05-24,Kolkata,Banglore,14:05:00,04:40:00,875,1.0,In-flight meal not included,8586
Air India,2019-03-03,Delhi,Cochin,19:45:00,19:15:00,1410,2.0,No Info,12856
Jet Airways,2019-03-12,Banglore,New Delhi,21:25:00,15:15:00,1070,1.0,No Info,13817
Air India,2019-05-01,Kolkata,Banglore,10:00:00,23:15:00,795,1.0,No Info,10203
Jet Airways,2019-03-27,Delhi,Cochin,19:10:00,04:25:00,555,2.0,No Info,10976
Jet Airways,2019-06-24,Delhi,Cochin,13:00:00,19:00:00,360,1.0,In-flight meal not included,10262
Indigo,2019-06-01,Banglore,Delhi,08:30:00,11:20:00,170,0.0,No Info,4823
Jet Airways,2019-06-12,Delhi,Cochin,18:15:00,19:00:00,1485,1.0,In-flight meal not included,10262
Spicejet,2019-06-12,Banglore,Delhi,05:55:00,08:35:00,160,0.0,No check-in baggage included,4319
Jet Airways,2019-05-18,Delhi,Cochin,22:50:00,12:35:00,825,1.0,In-flight meal not included,12373
Vistara,2019-03-03,Banglore,New Delhi,09:50:00,12:35:00,165,0.0,No Info,8028
Indigo,2019-06-15,Delhi,Cochin,06:50:00,12:10:00,320,1.0,No Info,5298
Air India,2019-06-12,Kolkata,Banglore,09:10:00,11:05:00,1555,2.0,No Info,6117
Jet Airways,2019-03-18,Banglore,New Delhi,11:40:00,09:00:00,1280,1.0,In-flight meal not included,11087
Jet Airways,2019-06-18,Mumbai,Hyderabad,19:35:00,21:05:00,90,0.0,No Info,5678
Vistara,2019-05-15,Kolkata,Banglore,17:00:00,20:20:00,1640,1.0,No Info,8610
Jet Airways,2019-06-18,Banglore,Delhi,07:10:00,10:10:00,180,0.0,No Info,8016
Indigo,2019-03-21,Delhi,Cochin,04:45:00,13:20:00,515,1.0,No Info,7738
Multiple Carriers,2019-05-18,Delhi,Cochin,10:20:00,19:15:00,535,1.0,No Info,8476
Goair,2019-04-15,Delhi,Cochin,07:25:00,13:35:00,370,1.0,No Info,5052
Multiple Carriers,2019-06-09,Delhi,Cochin,19:00:00,01:30:00,390,1.0,No Info,7408
Air Asia,2019-05-03,Banglore,Delhi,23:55:00,02:45:00,170,0.0,No Info,4483
Multiple Carriers,2019-06-15,Delhi,Cochin,03:50:00,19:00:00,910,1.0,No Info,12192
Air India,2019-05-18,Delhi,Cochin,20:40:00,09:25:00,765,1.0,No Info,7480
Indigo,2019-03-03,Mumbai,Hyderabad,12:00:00,13:25:00,85,0.0,No Info,5755
Jet Airways,2019-03-12,Mumbai,Hyderabad,03:00:00,16:35:00,815,1.0,No Info,22294
Jet Airways,2019-03-01,Banglore,New Delhi,11:40:00,09:00:00,1280,1.0,No Info,20800
Jet Airways,2019-06-01,Delhi,Cochin,19:30:00,04:25:00,535,2.0,In-flight meal not included,10368
Jet Airways,2019-05-27,Delhi,Cochin,18:15:00,04:25:00,610,1.0,In-flight meal not included,12898
Air India,2019-06-12,Chennai,Kolkata,11:40:00,13:55:00,135,0.0,No Info,4667
Jet Airways,2019-06-27,Delhi,Cochin,13:25:00,19:00:00,1775,2.0,In-flight meal not included,11150
Indigo,2019-05-18,Delhi,Cochin,11:55:00,22:30:00,635,1.0,No Info,8216
Indigo,2019-06-06,Chennai,Kolkata,19:35:00,21:55:00,140,0.0,No Info,3597
Jet Airways,2019-05-24,Kolkata,Banglore,14:05:00,22:35:00,510,1.0,In-flight meal not included,10844
Jet Airways,2019-06-27,Delhi,Cochin,19:45:00,19:00:00,1395,1.0,In-flight meal not included,10262
Multiple Carriers,2019-05-27,Delhi,Cochin,10:20:00,19:15:00,535,1.0,No Info,9316
Indigo,2019-05-21,Delhi,Cochin,04:55:00,11:50:00,415,1.0,No Info,6794
Multiple Carriers,2019-03-21,Delhi,Cochin,07:05:00,21:00:00,835,1.0,No Info,13062
Jet Airways,2019-04-09,Delhi,Cochin,05:30:00,04:25:00,1375,2.0,No Info,10909
Air India,2019-03-06,Delhi,Cochin,08:00:00,19:15:00,675,1.0,No Info,15284
Jet Airways,2019-05-18,Delhi,Cochin,14:35:00,04:25:00,830,2.0,In-flight meal not included,13848
Jet Airways,2019-05-21,Banglore,Delhi,15:50:00,18:45:00,175,0.0,No Info,7229
Jet Airways,2019-05-15,Kolkata,Banglore,20:25:00,23:35:00,1630,1.0,No Info,14151
Indigo,2019-03-27,Delhi,Cochin,06:40:00,16:10:00,570,1.0,No Info,6442
Jet Airways,2019-03-06,Delhi,Cochin,05:25:00,04:25:00,1380,2.0,In-flight meal not included,16389
Multiple Carriers,2019-06-15,Delhi,Cochin,10:00:00,19:15:00,555,1.0,No Info,16108
Spicejet,2019-05-18,Chennai,Kolkata,09:45:00,12:00:00,135,0.0,No check-in baggage included,3543
Indigo,2019-06-06,Banglore,Delhi,00:25:00,03:15:00,170,0.0,No Info,3943
Spicejet,2019-05-27,Banglore,Delhi,05:55:00,08:35:00,160,0.0,No Info,3311
Jet Airways,2019-06-09,Kolkata,Banglore,06:30:00,23:35:00,1025,1.0,No Info,14571
Jet Airways,2019-04-01,Kolkata,Banglore,18:55:00,23:35:00,1720,1.0,In-flight meal not included,7064
Vistara,2019-06-09,Kolkata,Banglore,17:00:00,10:45:00,1065,1.0,No Info,9922
Spicejet,2019-04-27,Kolkata,Banglore,22:20:00,00:40:00,140,0.0,No check-in baggage included,3841
Air India,2019-05-03,Banglore,Delhi,13:20:00,16:10:00,170,0.0,No Info,6121
Vistara,2019-03-03,Banglore,New Delhi,06:40:00,10:25:00,1665,1.0,No Info,12476
Air India,2019-05-21,Kolkata,Banglore,14:15:00,16:45:00,150,0.0,No Info,5510
Multiple Carriers,2019-06-12,Delhi,Cochin,18:15:00,01:30:00,435,1.0,No Info,13377
Jet Airways,2019-03-01,Banglore,New Delhi,14:05:00,21:20:00,435,1.0,No Info,36235
Jet Airways,2019-03-03,Banglore,New Delhi,05:45:00,05:05:00,1400,1.0,In-flight meal not included,11087
Jet Airways,2019-03-24,Banglore,New Delhi,05:45:00,10:25:00,280,1.0,In-flight meal not included,8147
Multiple Carriers,2019-06-03,Delhi,Cochin,07:30:00,19:15:00,705,1.0,No Info,7354
Multiple Carriers,2019-05-09,Delhi,Cochin,06:00:00,19:15:00,795,1.0,No Info,8266
Air India,2019-06-18,Mumbai,Hyderabad,19:30:00,20:45:00,75,0.0,No Info,3100
Jet Airways,2019-03-24,Kolkata,Banglore,16:55:00,09:15:00,980,1.0,No Info,14231
Multiple Carriers,2019-03-09,Delhi,Cochin,08:00:00,19:45:00,705,1.0,No Info,16287
Indigo,2019-03-15,Chennai,Kolkata,14:40:00,17:05:00,145,0.0,No Info,6297
Spicejet,2019-05-03,Chennai,Kolkata,08:20:00,10:35:00,135,0.0,No Info,3597
Spicejet,2019-06-06,Banglore,Delhi,21:10:00,00:05:00,175,0.0,No Info,3311
Multiple Carriers,2019-06-03,Delhi,Cochin,07:00:00,21:00:00,840,1.0,No Info,7618
Air India,2019-03-24,Kolkata,Banglore,20:30:00,12:30:00,960,1.0,No Info,12173
Jet Airways,2019-05-15,Kolkata,Banglore,17:00:00,14:25:00,1285,1.0,No Info,11467
Jet Airways,2019-05-21,Delhi,Cochin,15:00:00,04:25:00,805,1.0,In-flight meal not included,12898
Indigo,2019-05-24,Kolkata,Banglore,18:05:00,23:30:00,325,1.0,No Info,6218
Jet Airways,2019-06-03,Delhi,Cochin,22:50:00,19:00:00,1210,1.0,In-flight meal not included,10262
Jet Airways,2019-05-06,Banglore,Delhi,06:00:00,08:45:00,165,0.0,In-flight meal not included,5198
Spicejet,2019-05-15,Banglore,Delhi,09:30:00,12:20:00,170,0.0,No check-in baggage included,4319
Air India,2019-03-01,Mumbai,Hyderabad,15:00:00,16:25:00,85,0.0,No Info,6092
Goair,2019-06-15,Delhi,Cochin,10:35:00,19:35:00,540,1.0,No Info,4959
Indigo,2019-06-06,Delhi,Cochin,05:05:00,12:10:00,425,1.0,No Info,6818
Multiple Carriers,2019-05-15,Delhi,Cochin,06:00:00,12:35:00,395,1.0,No Info,9794
Multiple Carriers,2019-05-21,Delhi,Cochin,15:00:00,01:30:00,630,1.0,No Info,14067
Air India,2019-03-15,Banglore,New Delhi,06:55:00,10:50:00,1675,1.0,No Info,7932
